{
  "format_version": "1.12.0",
  "minecraft:entity": {
    "description": {
      "identifier": "minecraft:ender_crystal",
      "is_spawnable": false,
      "is_summonable": true,
      "is_experimental": false
    },

    "component_groups": {
      "crystal_exploding": {
        "minecraft:scale": {
          "value": 2
        },
        "minecraft:health": {
          "value": 0,
          "max": 100
        }
      }
    },

    "components": {
      "minecraft:collision_box": {
        "width": 0.98,
        "height": 0.98
      },
      "minecraft:boss": {
        "should_darken_sky": false,
        "hud_range": 125
      },
      "minecraft:health": {
        "value": 50,
        "max": 100
      },
      "minecraft:fire_immune": true,
      "minecraft:on_hurt": {
        "event": "minecraft:crystal_explode",
        "target": "self"
      },
	    "minecraft:physics": {
      },
      "minecraft:pushable": {
        "is_pushable": true,
        "is_pushable_by_piston": true
      }
    },

    "events": {
      "minecraft:crystal_explode": {
        "remove": {
        },
        "add": {
          "component_groups": [
            "crystal_exploding"
          ]
        }
      }
    }

  }
}
