{
  "format_version": "1.14.0",
  "minecraft:entity": {
    "description": {
      "identifier": "minecraft:pig",
      "is_spawnable": false,
      "is_summonable": true
    },
    "components": {
      "minecraft:scale": {
        "value": 1
      },
      "minecraft:type_family": {
        "family": [
          "creeper",
          "monster",
          "attacker",
          "mob"
        ]
      },
      "minecraft:nameable": {},
      "minecraft:health": {
        "value": 10,
        "max": 10
      },
      "minecraft:movement": {
        "value": 0.25
      },
      "minecraft:navigation.walk": {
        "can_path_over_water": true,
        "avoid_water": true,
        "avoid_damage_blocks": true
      },
      "minecraft:movement.basic": {},
      "minecraft:jump.static": {},
      "minecraft:can_climb": {},
      "minecraft:collision_box": {
        "width": 0.9,
        "height": 0.9
      },
      "minecraft:behavior.random_stroll": {
        "priority": 7,
        "speed_multiplier": 1
      },
      "minecraft:behavior.random_look_around": {
        "priority": 9
      },
      "minecraft:physics": {},
      "minecraft:pushable": {
        "is_pushable": true,
        "is_pushable_by_piston": true
      },
      "minecraft:behavior.melee_attack": {
        "priority": 4,
        "speed_multiplier": 1.25,
        "track_target": false,
        "reach_multiplier": 0
      },
      "minecraft:target_nearby_sensor": {
        "inside_range": 1,
        "outside_range": 10,
        "must_see": false,
        "on_inside_range": {
          "event": "minecraft:start_exploding",
          "target": "self"
        },
        "on_outside_range": {
          "event": "minecraft:stop_exploding",
          "target": "self"
        },
        "on_vision_lost_inside_range": {
          "event": "minecraft:stop_exploding",
          "target": "self"
        }
      },
      "minecraft:behavior.float": {
        "priority": 0
      },
      "minecraft:behavior.hurt_by_target": {
        "priority": 3
      },
      "minecraft:behavior.nearest_attackable_target": {
        "priority": 2,
        "must_see": false,
        "reselect_targets": true,
        "within_radius": 32,
        "must_see_forget_duration": 17,
        "entity_types": [
          {
            "filters": {
              "any_of": [
                {
                  "test": "is_family",
                  "subject": "other",
                  "value": "villager"
                },
                {
                  "test": "is_family",
                  "subject": "other",
                  "value": "irongolem"
                }
              ]
            },
            "max_dist": 40,
            "must_see": false
          }
        ]
      },
      "minecraft:attack": {
        "damage": 0
      },
      "minecraft:behavior.swell": {
        "start_distance": 2.5,
        "stop_distance": 6,
        "priority": 2
      }
    },
    "component_groups": {
      "minecraft:exploding": {
        "minecraft:explode": {
          "fuse_length": 0.2,
          "fuse_lit": true,
          "power": 2,
          "causes_fire": false,
          "destroy_affected_by_griefing": true
        }
      }
    },
    "events": {
      "minecraft:start_exploding": {
        "add": {
          "component_groups": [
            "minecraft:exploding"
          ]
        }
      },
      "minecraft:stop_exploding": {
        "remove": {
          "component_groups": [
            "minecraft:exploding"
          ]
        }
      }
    }
  }
}
